Hotel,Check-in Date,Check-out Date,Nightly Rate (USD),Total Cost (USD),Preferred Program
Intercontinental Bora Thalasso,2026-08-22,2026-08-23,N/A,N/A,N/A
Intercontinental Le Moana Bora Bora,2026-08-22,2026-08-23,"$1,504.00","$1,504.00",Preferred Partner
Conrad Bora Bora Nui Resort And Spa,2026-08-22,2026-08-23,"$1,861.00","$1,861.00",Hilton Impresario
Le Bora Bora,2026-08-22,2026-08-23,"$2,035.00","$2,035.00",Preferred Partner
The St Regis Bora Bora Resort,2026-08-22,2026-08-23,"$2,173.00","$2,173.00",Marriott STARS
The Westin Bora Bora Resort And Spa,2026-08-22,2026-08-23,"$2,842.00","$2,842.00",Marriott Luminous
Four Seasons Resort Bora Bora,2026-08-22,2026-08-23,"$3,625.00","$3,625.00",Four Seasons Preferred Partner
Intercontinental Bora Thalasso,2026-08-23,2026-08-24,N/A,N/A,N/A
The St Regis Bora Bora Resort,2026-08-23,2026-08-24,N/A,N/A,N/A
Intercontinental Le Moana Bora Bora,2026-08-23,2026-08-24,"$1,558.00","$1,558.00",Preferred Partner
Conrad Bora Bora Nui Resort And Spa,2026-08-23,2026-08-24,"$1,861.00","$1,861.00",Hilton Impresario
Le Bora Bora,2026-08-23,2026-08-24,"$2,022.00","$2,022.00",Preferred Partner
Four Seasons Resort Bora Bora,2026-08-23,2026-08-24,"$3,117.00","$3,117.00",Four Seasons Preferred Partner
The Westin Bora Bora Resort And Spa,2026-08-23,2026-08-24,"$3,225.00","$3,225.00",Marriott Luminous
Intercontinental Bora Thalasso,2026-08-24,2026-08-25,N/A,N/A,N/A
Intercontinental Le Moana Bora Bora,2026-08-24,2026-08-25,"$1,188.00","$1,188.00",Preferred Partner
Conrad Bora Bora Nui Resort And Spa,2026-08-24,2026-08-25,"$1,861.00","$1,861.00",Hilton Impresario
Le Bora Bora,2026-08-24,2026-08-25,"$2,751.00","$2,751.00",Preferred Partner
The St Regis Bora Bora Resort,2026-08-24,2026-08-25,"$3,050.00","$3,050.00",Marriott STARS
Four Seasons Resort Bora Bora,2026-08-24,2026-08-25,"$3,050.00","$3,050.00",Four Seasons Preferred Partner
The Westin Bora Bora Resort And Spa,2026-08-24,2026-08-25,"$3,225.00","$3,225.00",Marriott Luminous
Intercontinental Bora Thalasso,2026-08-25,2026-08-26,N/A,N/A,N/A
Intercontinental Le Moana Bora Bora,2026-08-25,2026-08-26,"$1,203.00","$1,203.00",Preferred Partner
Conrad Bora Bora Nui Resort And Spa,2026-08-25,2026-08-26,"$1,861.00","$1,861.00",Hilton Impresario
Four Seasons Resort Bora Bora,2026-08-25,2026-08-26,"$2,928.00","$2,928.00",Four Seasons Preferred Partner
Le Bora Bora,2026-08-25,2026-08-26,"$2,957.00","$2,957.00",Preferred Partner
The Westin Bora Bora Resort And Spa,2026-08-25,2026-08-26,"$3,128.00","$3,128.00",Marriott Luminous
The St Regis Bora Bora Resort,2026-08-25,2026-08-26,"$3,401.00","$3,401.00",Marriott STARS
Intercontinental Bora Thalasso,2026-08-26,2026-08-27,N/A,N/A,N/A
The Westin Bora Bora Resort And Spa,2026-08-26,2026-08-27,N/A,N/A,N/A
Intercontinental Le Moana Bora Bora,2026-08-26,2026-08-27,"$1,195.00","$1,195.00",Preferred Partner
Conrad Bora Bora Nui Resort And Spa,2026-08-26,2026-08-27,"$1,958.00","$1,958.00",Hilton Impresario
Le Bora Bora,2026-08-26,2026-08-27,"$1,971.00","$1,971.00",Preferred Partner
The St Regis Bora Bora Resort,2026-08-26,2026-08-27,"$3,352.00","$3,352.00",Marriott STARS
Four Seasons Resort Bora Bora,2026-08-26,2026-08-27,"$13,327.00","$13,327.00",Four Seasons Preferred Partner
Intercontinental Bora Thalasso,2026-08-27,2026-08-28,N/A,N/A,N/A
Intercontinental Le Moana Bora Bora,2026-08-27,2026-08-28,"$1,188.00","$1,188.00",Preferred Partner
Conrad Bora Bora Nui Resort And Spa,2026-08-27,2026-08-28,"$1,861.00","$1,861.00",Hilton Impresario
Le Bora Bora,2026-08-27,2026-08-28,"$2,049.00","$2,049.00",Preferred Partner
Four Seasons Resort Bora Bora,2026-08-27,2026-08-28,"$3,155.00","$3,155.00",Four Seasons Preferred Partner
The St Regis Bora Bora Resort,2026-08-27,2026-08-28,N/A,N/A,N/A
The Westin Bora Bora Resort And Spa,2026-08-27,2026-08-28,"$3,438.00","$3,438.00",Marriott Luminous
Intercontinental Bora Thalasso,2026-08-28,2026-08-29,N/A,N/A,N/A
The St Regis Bora Bora Resort,2026-08-28,2026-08-29,N/A,N/A,N/A
Intercontinental Le Moana Bora Bora,2026-08-28,2026-08-29,"$1,180.00","$1,180.00",Preferred Partner
Conrad Bora Bora Nui Resort And Spa,2026-08-28,2026-08-29,"$1,900.00","$1,900.00",Hilton Impresario
Le Bora Bora,2026-08-28,2026-08-29,"$2,378.00","$2,378.00",Preferred Partner
Four Seasons Resort Bora Bora,2026-08-28,2026-08-29,"$3,011.00","$3,011.00",Four Seasons Preferred Partner
The Westin Bora Bora Resort And Spa,2026-08-28,2026-08-29,"$3,055.00","$3,055.00",Marriott Luminous
Intercontinental Bora Thalasso,2026-08-29,2026-08-30,N/A,N/A,N/A
Intercontinental Le Moana Bora Bora,2026-08-29,2026-08-30,"$1,188.00","$1,188.00",Preferred Partner
Conrad Bora Bora Nui Resort And Spa,2026-08-29,2026-08-30,"$1,958.00","$1,958.00",Hilton Impresario
Le Bora Bora,2026-08-29,2026-08-30,"$1,920.00","$1,920.00",Preferred Partner
The St Regis Bora Bora Resort,2026-08-29,2026-08-30,"$2,299.00","$2,299.00",Marriott STARS
Four Seasons Resort Bora Bora,2026-08-29,2026-08-30,"$2,694.00","$2,694.00",Four Seasons Preferred Partner
The Westin Bora Bora Resort And Spa,2026-08-29,2026-08-30,"$3,055.00","$3,055.00",Marriott Luminous
Intercontinental Bora Thalasso,2026-08-30,2026-08-31,N/A,N/A,N/A
Intercontinental Le Moana Bora Bora,2026-08-30,2026-08-31,$826.00,$826.00,Preferred Partner
The St Regis Bora Bora Resort,2026-08-30,2026-08-31,"$1,939.00","$1,939.00",Marriott STARS
Conrad Bora Bora Nui Resort And Spa,2026-08-30,2026-08-31,"$1,958.00","$1,958.00",Hilton Impresario
Le Bora Bora,2026-08-30,2026-08-31,"$1,923.00","$1,923.00",Preferred Partner
Four Seasons Resort Bora Bora,2026-08-30,2026-08-31,"$3,155.00","$3,155.00",Four Seasons Preferred Partner
The Westin Bora Bora Resort And Spa,2026-08-30,2026-08-31,"$3,113.00","$3,113.00",Marriott Luminous
Intercontinental Bora Thalasso,2026-08-31,2026-09-01,N/A,N/A,N/A
Intercontinental Le Moana Bora Bora,2026-08-31,2026-09-01,"$1,360.00","$1,360.00",Preferred Partner
Conrad Bora Bora Nui Resort And Spa,2026-08-31,2026-09-01,"$1,861.00","$1,861.00",Hilton Impresario
Le Bora Bora,2026-08-31,2026-09-01,"$2,138.00","$2,138.00",Preferred Partner
The St Regis Bora Bora Resort,2026-08-31,2026-09-01,"$2,884.00","$2,884.00",Marriott STARS
Four Seasons Resort Bora Bora,2026-08-31,2026-09-01,"$3,178.00","$3,178.00",Four Seasons Preferred Partner
The Westin Bora Bora Resort And Spa,2026-08-31,2026-09-01,"$3,170.00","$3,170.00",Marriott Luminous
Intercontinental Bora Thalasso,2026-09-01,2026-09-02,N/A,N/A,N/A
Intercontinental Le Moana Bora Bora,2026-09-01,2026-09-02,"$1,352.00","$1,352.00",Preferred Partner
Conrad Bora Bora Nui Resort And Spa,2026-09-01,2026-09-02,"$1,958.00","$1,958.00",Hilton Impresario
Le Bora Bora,2026-09-01,2026-09-02,"$2,035.00","$2,035.00",Preferred Partner
The Westin Bora Bora Resort And Spa,2026-09-01,2026-09-02,"$3,151.00","$3,151.00",Marriott Luminous
Four Seasons Resort Bora Bora,2026-09-01,2026-09-02,"$3,310.00","$3,310.00",Four Seasons Preferred Partner
The St Regis Bora Bora Resort,2026-09-01,2026-09-02,"$3,352.00","$3,352.00",Marriott STARS
Intercontinental Le Moana Bora Bora,2026-09-02,2026-09-03,N/A,N/A,N/A
Intercontinental Bora Thalasso,2026-09-02,2026-09-03,N/A,N/A,N/A
The Westin Bora Bora Resort And Spa,2026-09-02,2026-09-03,N/A,N/A,N/A
Conrad Bora Bora Nui Resort And Spa,2026-09-02,2026-09-03,"$1,958.00","$1,958.00",Hilton Impresario
Le Bora Bora,2026-09-02,2026-09-03,"$2,038.00","$2,038.00",Preferred Partner
The St Regis Bora Bora Resort,2026-09-02,2026-09-03,"$2,718.00","$2,718.00",Marriott STARS
Four Seasons Resort Bora Bora,2026-09-02,2026-09-03,"$9,419.00","$9,419.00",Four Seasons Preferred Partner
Intercontinental Bora Thalasso,2026-09-03,2026-09-04,N/A,N/A,N/A
The St Regis Bora Bora Resort,2026-09-03,2026-09-04,N/A,N/A,N/A
The Westin Bora Bora Resort And Spa,2026-09-03,2026-09-04,N/A,N/A,N/A
Intercontinental Le Moana Bora Bora,2026-09-03,2026-09-04,"$1,344.00","$1,344.00",Preferred Partner
Conrad Bora Bora Nui Resort And Spa,2026-09-03,2026-09-04,"$1,988.00","$1,988.00",Hilton Impresario
Le Bora Bora,2026-09-03,2026-09-04,"$2,154.00","$2,154.00",Preferred Partner
Four Seasons Resort Bora Bora,2026-09-03,2026-09-04,N/A,N/A,N/A
Intercontinental Bora Thalasso,2026-09-04,2026-09-05,N/A,N/A,N/A
Intercontinental Le Moana Bora Bora,2026-09-04,2026-09-05,"$1,352.00","$1,352.00",Preferred Partner
Conrad Bora Bora Nui Resort And Spa,2026-09-04,2026-09-05,"$1,901.00","$1,901.00",Hilton Impresario
Le Bora Bora,2026-09-04,2026-09-05,"$1,934.00","$1,934.00",Preferred Partner
The St Regis Bora Bora Resort,2026-09-04,2026-09-05,"$2,455.00","$2,455.00",Marriott STARS
The Westin Bora Bora Resort And Spa,2026-09-04,2026-09-05,"$2,869.00","$2,869.00",Marriott Luminous
Four Seasons Resort Bora Bora,2026-09-04,2026-09-05,"$3,421.00","$3,421.00",Four Seasons Preferred Partner
Intercontinental Le Moana Bora Bora,2026-09-05,2026-09-06,N/A,N/A,N/A
Intercontinental Bora Thalasso,2026-09-05,2026-09-06,N/A,N/A,N/A
Conrad Bora Bora Nui Resort And Spa,2026-09-05,2026-09-06,"$1,958.00","$1,958.00",Hilton Impresario
Le Bora Bora,2026-09-05,2026-09-06,"$2,020.00","$2,020.00",Preferred Partner
The St Regis Bora Bora Resort,2026-09-05,2026-09-06,"$2,611.00","$2,611.00",Marriott STARS
The Westin Bora Bora Resort And Spa,2026-09-05,2026-09-06,"$2,897.00","$2,897.00",Marriott Luminous
Four Seasons Resort Bora Bora,2026-09-05,2026-09-06,"$3,353.00","$3,353.00",Four Seasons Preferred Partner
Intercontinental Bora Thalasso,2026-09-06,2026-09-07,N/A,N/A,N/A
The St Regis Bora Bora Resort,2026-09-06,2026-09-07,N/A,N/A,N/A
Intercontinental Le Moana Bora Bora,2026-09-06,2026-09-07,"$1,188.00","$1,188.00",Preferred Partner
Le Bora Bora,2026-09-06,2026-09-07,"$2,169.00","$2,169.00",Preferred Partner
Conrad Bora Bora Nui Resort And Spa,2026-09-06,2026-09-07,"$2,436.00","$2,436.00",Hilton Impresario
The Westin Bora Bora Resort And Spa,2026-09-06,2026-09-07,"$3,128.00","$3,128.00",Marriott Luminous
Four Seasons Resort Bora Bora,2026-09-06,2026-09-07,"$3,379.00","$3,379.00",Four Seasons Preferred Partner
Intercontinental Bora Thalasso,2026-09-07,2026-09-08,N/A,N/A,N/A
The St Regis Bora Bora Resort,2026-09-07,2026-09-08,N/A,N/A,N/A
Intercontinental Le Moana Bora Bora,2026-09-07,2026-09-08,"$1,231.00","$1,231.00",Preferred Partner
Conrad Bora Bora Nui Resort And Spa,2026-09-07,2026-09-08,"$1,988.00","$1,988.00",Hilton Impresario
Le Bora Bora,2026-09-07,2026-09-08,"$2,409.00","$2,409.00",Preferred Partner
The Westin Bora Bora Resort And Spa,2026-09-07,2026-09-08,"$3,215.00","$3,215.00",Marriott Luminous
Four Seasons Resort Bora Bora,2026-09-07,2026-09-08,"$3,450.00","$3,450.00",Four Seasons Preferred Partner
Intercontinental Le Moana Bora Bora,2026-09-08,2026-09-09,N/A,N/A,N/A
Intercontinental Bora Thalasso,2026-09-08,2026-09-09,N/A,N/A,N/A
The St Regis Bora Bora Resort,2026-09-08,2026-09-09,N/A,N/A,N/A
Four Seasons Resort Bora Bora,2026-09-08,2026-09-09,N/A,N/A,N/A
Conrad Bora Bora Nui Resort And Spa,2026-09-08,2026-09-09,"$1,958.00","$1,958.00",Hilton Impresario
Le Bora Bora,2026-09-08,2026-09-09,"$2,150.00","$2,150.00",Preferred Partner
The Westin Bora Bora Resort And Spa,2026-09-08,2026-09-09,"$3,245.00","$3,245.00",Marriott Luminous
Intercontinental Bora Thalasso,2026-09-09,2026-09-10,N/A,N/A,N/A
The St Regis Bora Bora Resort,2026-09-09,2026-09-10,N/A,N/A,N/A
Four Seasons Resort Bora Bora,2026-09-09,2026-09-10,N/A,N/A,N/A
Intercontinental Le Moana Bora Bora,2026-09-09,2026-09-10,"$1,344.00","$1,344.00",Preferred Partner
Conrad Bora Bora Nui Resort And Spa,2026-09-09,2026-09-10,"$1,861.00","$1,861.00",Hilton Impresario
The Westin Bora Bora Resort And Spa,2026-09-09,2026-09-10,"$2,339.00","$2,339.00",Marriott Luminous
Le Bora Bora,2026-09-09,2026-09-10,"$2,277.00","$2,277.00",Preferred Partner
Intercontinental Le Moana Bora Bora,2026-09-10,2026-09-11,N/A,N/A,N/A
Intercontinental Bora Thalasso,2026-09-10,2026-09-11,N/A,N/A,N/A
The St Regis Bora Bora Resort,2026-09-10,2026-09-11,N/A,N/A,N/A
Conrad Bora Bora Nui Resort And Spa,2026-09-10,2026-09-11,"$1,988.00","$1,988.00",Hilton Impresario
Le Bora Bora,2026-09-10,2026-09-11,"$2,285.00","$2,285.00",Preferred Partner
The Westin Bora Bora Resort And Spa,2026-09-10,2026-09-11,"$2,502.00","$2,502.00",Marriott Luminous
Four Seasons Resort Bora Bora,2026-09-10,2026-09-11,"$3,376.00","$3,376.00",Four Seasons Preferred Partner
Intercontinental Le Moana Bora Bora,2026-09-11,2026-09-12,N/A,N/A,N/A
Intercontinental Bora Thalasso,2026-09-11,2026-09-12,N/A,N/A,N/A
The Westin Bora Bora Resort And Spa,2026-09-11,2026-09-12,N/A,N/A,N/A
Conrad Bora Bora Nui Resort And Spa,2026-09-11,2026-09-12,"$1,861.00","$1,861.00",Hilton Impresario
Le Bora Bora,2026-09-11,2026-09-12,"$2,231.00","$2,231.00",Preferred Partner
The St Regis Bora Bora Resort,2026-09-11,2026-09-12,"$2,416.00","$2,416.00",Marriott STARS
Four Seasons Resort Bora Bora,2026-09-11,2026-09-12,"$3,348.00","$3,348.00",Four Seasons Preferred Partner
Intercontinental Bora Thalasso,2026-09-12,2026-09-13,N/A,N/A,N/A
Intercontinental Le Moana Bora Bora,2026-09-12,2026-09-13,"$1,203.00","$1,203.00",Preferred Partner
Conrad Bora Bora Nui Resort And Spa,2026-09-12,2026-09-13,"$1,861.00","$1,861.00",Hilton Impresario
The St Regis Bora Bora Resort,2026-09-12,2026-09-13,"$3,021.00","$3,021.00",Marriott STARS
Le Bora Bora,2026-09-12,2026-09-13,"$2,211.00","$2,211.00",Preferred Partner
Four Seasons Resort Bora Bora,2026-09-12,2026-09-13,"$2,888.00","$2,888.00",Four Seasons Preferred Partner
The Westin Bora Bora Resort And Spa,2026-09-12,2026-09-13,"$3,036.00","$3,036.00",Marriott Luminous
Intercontinental Bora Thalasso,2026-09-13,2026-09-14,N/A,N/A,N/A
Intercontinental Le Moana Bora Bora,2026-09-13,2026-09-14,"$1,188.00","$1,188.00",Preferred Partner
Conrad Bora Bora Nui Resort And Spa,2026-09-13,2026-09-14,"$1,958.00","$1,958.00",Hilton Impresario
Le Bora Bora,2026-09-13,2026-09-14,"$2,211.00","$2,211.00",Preferred Partner
The St Regis Bora Bora Resort,2026-09-13,2026-09-14,"$2,338.00","$2,338.00",Marriott STARS
The Westin Bora Bora Resort And Spa,2026-09-13,2026-09-14,"$2,912.00","$2,912.00",Marriott Luminous
Four Seasons Resort Bora Bora,2026-09-13,2026-09-14,"$3,384.00","$3,384.00",Four Seasons Preferred Partner
Intercontinental Le Moana Bora Bora,2026-09-14,2026-09-15,N/A,N/A,N/A
Intercontinental Bora Thalasso,2026-09-14,2026-09-15,N/A,N/A,N/A
The St Regis Bora Bora Resort,2026-09-14,2026-09-15,N/A,N/A,N/A
The Westin Bora Bora Resort And Spa,2026-09-14,2026-09-15,N/A,N/A,N/A
Le Bora Bora,2026-09-14,2026-09-15,"$1,915.00","$1,915.00",Preferred Partner
Conrad Bora Bora Nui Resort And Spa,2026-09-14,2026-09-15,"$2,436.00","$2,436.00",Hilton Impresario
Four Seasons Resort Bora Bora,2026-09-14,2026-09-15,"$3,363.00","$3,363.00",Four Seasons Preferred Partner
Intercontinental Le Moana Bora Bora,2026-09-15,2026-09-16,N/A,N/A,N/A
Intercontinental Bora Thalasso,2026-09-15,2026-09-16,N/A,N/A,N/A
The St Regis Bora Bora Resort,2026-09-15,2026-09-16,N/A,N/A,N/A
The Westin Bora Bora Resort And Spa,2026-09-15,2026-09-16,N/A,N/A,N/A
Conrad Bora Bora Nui Resort And Spa,2026-09-15,2026-09-16,"$1,958.00","$1,958.00",Hilton Impresario
Le Bora Bora,2026-09-15,2026-09-16,"$2,232.00","$2,232.00",Preferred Partner
Four Seasons Resort Bora Bora,2026-09-15,2026-09-16,"$3,311.00","$3,311.00",Four Seasons Preferred Partner
Intercontinental Bora Thalasso,2026-09-16,2026-09-17,N/A,N/A,N/A
The Westin Bora Bora Resort And Spa,2026-09-16,2026-09-17,N/A,N/A,N/A
Intercontinental Le Moana Bora Bora,2026-09-16,2026-09-17,$811.00,$811.00,Preferred Partner
Conrad Bora Bora Nui Resort And Spa,2026-09-16,2026-09-17,"$1,958.00","$1,958.00",Hilton Impresario
Le Bora Bora,2026-09-16,2026-09-17,"$2,116.00","$2,116.00",Preferred Partner
The St Regis Bora Bora Resort,2026-09-16,2026-09-17,"$3,498.00","$3,498.00",Marriott STARS
Four Seasons Resort Bora Bora,2026-09-16,2026-09-17,"$4,604.00","$4,604.00",Four Seasons Preferred Partner
Intercontinental Bora Thalasso,2026-09-17,2026-09-18,N/A,N/A,N/A
The St Regis Bora Bora Resort,2026-09-17,2026-09-18,N/A,N/A,N/A
Intercontinental Le Moana Bora Bora,2026-09-17,2026-09-18,"$1,360.00","$1,360.00",Preferred Partner
Conrad Bora Bora Nui Resort And Spa,2026-09-17,2026-09-18,"$1,861.00","$1,861.00",Hilton Impresario
Le Bora Bora,2026-09-17,2026-09-18,"$3,057.00","$3,057.00",Preferred Partner
The Westin Bora Bora Resort And Spa,2026-09-17,2026-09-18,"$3,266.00","$3,266.00",Marriott Luminous
Four Seasons Resort Bora Bora,2026-09-17,2026-09-18,"$12,990.00","$12,990.00",Four Seasons Preferred Partner
Intercontinental Bora Thalasso,2026-09-18,2026-09-19,N/A,N/A,N/A
The St Regis Bora Bora Resort,2026-09-18,2026-09-19,N/A,N/A,N/A
Intercontinental Le Moana Bora Bora,2026-09-18,2026-09-19,"$1,195.00","$1,195.00",Preferred Partner
Conrad Bora Bora Nui Resort And Spa,2026-09-18,2026-09-19,"$1,861.00","$1,861.00",Hilton Impresario
The Westin Bora Bora Resort And Spa,2026-09-18,2026-09-19,"$2,231.00","$2,231.00",Marriott Luminous
Le Bora Bora,2026-09-18,2026-09-19,"$3,012.00","$3,012.00",Preferred Partner
Four Seasons Resort Bora Bora,2026-09-18,2026-09-19,"$13,194.00","$13,194.00",Four Seasons Preferred Partner
Intercontinental Bora Thalasso,2026-09-19,2026-09-20,N/A,N/A,N/A
Intercontinental Le Moana Bora Bora,2026-09-19,2026-09-20,"$1,195.00","$1,195.00",Preferred Partner
Conrad Bora Bora Nui Resort And Spa,2026-09-19,2026-09-20,"$1,958.00","$1,958.00",Hilton Impresario
Le Bora Bora,2026-09-19,2026-09-20,"$2,101.00","$2,101.00",Preferred Partner
The Westin Bora Bora Resort And Spa,2026-09-19,2026-09-20,"$2,416.00","$2,416.00",Marriott Luminous
The St Regis Bora Bora Resort,2026-09-19,2026-09-20,"$2,592.00","$2,592.00",Marriott STARS
Four Seasons Resort Bora Bora,2026-09-19,2026-09-20,"$4,691.00","$4,691.00",Four Seasons Preferred Partner
Intercontinental Bora Thalasso,2026-09-20,2026-09-21,N/A,N/A,N/A
The St Regis Bora Bora Resort,2026-09-20,2026-09-21,N/A,N/A,N/A
Intercontinental Le Moana Bora Bora,2026-09-20,2026-09-21,"$1,188.00","$1,188.00",Preferred Partner
Conrad Bora Bora Nui Resort And Spa,2026-09-20,2026-09-21,"$1,861.00","$1,861.00",Hilton Impresario
Le Bora Bora,2026-09-20,2026-09-21,"$2,963.00","$2,963.00",Preferred Partner
The Westin Bora Bora Resort And Spa,2026-09-20,2026-09-21,"$3,003.00","$3,003.00",Marriott Luminous
Four Seasons Resort Bora Bora,2026-09-20,2026-09-21,"$3,645.00","$3,645.00",Four Seasons Preferred Partner
Intercontinental Bora Thalasso,2026-09-21,2026-09-22,N/A,N/A,N/A
The Westin Bora Bora Resort And Spa,2026-09-21,2026-09-22,N/A,N/A,N/A
Intercontinental Le Moana Bora Bora,2026-09-21,2026-09-22,"$1,360.00","$1,360.00",Preferred Partner
Conrad Bora Bora Nui Resort And Spa,2026-09-21,2026-09-22,"$1,861.00","$1,861.00",Hilton Impresario
Le Bora Bora,2026-09-21,2026-09-22,"$3,057.00","$3,057.00",Preferred Partner
The St Regis Bora Bora Resort,2026-09-21,2026-09-22,"$4,560.00","$4,560.00",Marriott STARS
Four Seasons Resort Bora Bora,2026-09-21,2026-09-22,"$12,372.00","$12,372.00",Four Seasons Preferred Partner
Intercontinental Le Moana Bora Bora,2026-09-22,2026-09-23,N/A,N/A,N/A
Intercontinental Bora Thalasso,2026-09-22,2026-09-23,N/A,N/A,N/A
The Westin Bora Bora Resort And Spa,2026-09-22,2026-09-23,N/A,N/A,N/A
Conrad Bora Bora Nui Resort And Spa,2026-09-22,2026-09-23,"$1,861.00","$1,861.00",Hilton Impresario
Le Bora Bora,2026-09-22,2026-09-23,"$2,086.00","$2,086.00",Preferred Partner
The St Regis Bora Bora Resort,2026-09-22,2026-09-23,"$3,323.00","$3,323.00",Marriott STARS
Four Seasons Resort Bora Bora,2026-09-22,2026-09-23,"$12,395.00","$12,395.00",Four Seasons Preferred Partner
Intercontinental Le Moana Bora Bora,2026-09-23,2026-09-24,N/A,N/A,N/A
Intercontinental Bora Thalasso,2026-09-23,2026-09-24,N/A,N/A,N/A
Conrad Bora Bora Nui Resort And Spa,2026-09-23,2026-09-24,"$1,861.00","$1,861.00",Hilton Impresario
The St Regis Bora Bora Resort,2026-09-23,2026-09-24,"$2,202.00","$2,202.00",Marriott STARS
The Westin Bora Bora Resort And Spa,2026-09-23,2026-09-24,"$2,168.00","$2,168.00",Marriott Luminous
Le Bora Bora,2026-09-23,2026-09-24,"$2,149.00","$2,149.00",Preferred Partner
Four Seasons Resort Bora Bora,2026-09-23,2026-09-24,"$12,521.00","$12,521.00",Four Seasons Preferred Partner
Intercontinental Le Moana Bora Bora,2026-09-24,2026-09-25,N/A,N/A,N/A
Intercontinental Bora Thalasso,2026-09-24,2026-09-25,N/A,N/A,N/A
The St Regis Bora Bora Resort,2026-09-24,2026-09-25,N/A,N/A,N/A
Conrad Bora Bora Nui Resort And Spa,2026-09-24,2026-09-25,"$1,861.00","$1,861.00",Hilton Impresario
Le Bora Bora,2026-09-24,2026-09-25,"$2,094.00","$2,094.00",Preferred Partner
The Westin Bora Bora Resort And Spa,2026-09-24,2026-09-25,"$2,563.00","$2,563.00",Marriott Luminous
Four Seasons Resort Bora Bora,2026-09-24,2026-09-25,"$12,944.00","$12,944.00",Four Seasons Preferred Partner
Intercontinental Bora Thalasso,2026-09-25,2026-09-26,N/A,N/A,N/A
The St Regis Bora Bora Resort,2026-09-25,2026-09-26,N/A,N/A,N/A
Intercontinental Le Moana Bora Bora,2026-09-25,2026-09-26,"$1,231.00","$1,231.00",Preferred Partner
Conrad Bora Bora Nui Resort And Spa,2026-09-25,2026-09-26,"$1,958.00","$1,958.00",Hilton Impresario
The Westin Bora Bora Resort And Spa,2026-09-25,2026-09-26,"$2,138.00","$2,138.00",Marriott Luminous
Le Bora Bora,2026-09-25,2026-09-26,"$3,042.00","$3,042.00",Preferred Partner
Four Seasons Resort Bora Bora,2026-09-25,2026-09-26,"$3,358.00","$3,358.00",Four Seasons Preferred Partner
Intercontinental Le Moana Bora Bora,2026-09-26,2026-09-27,N/A,N/A,N/A
Intercontinental Bora Thalasso,2026-09-26,2026-09-27,N/A,N/A,N/A
The St Regis Bora Bora Resort,2026-09-26,2026-09-27,N/A,N/A,N/A
Conrad Bora Bora Nui Resort And Spa,2026-09-26,2026-09-27,"$1,958.00","$1,958.00",Hilton Impresario
The Westin Bora Bora Resort And Spa,2026-09-26,2026-09-27,"$2,138.00","$2,138.00",Marriott Luminous
Le Bora Bora,2026-09-26,2026-09-27,"$3,254.00","$3,254.00",Preferred Partner
Four Seasons Resort Bora Bora,2026-09-26,2026-09-27,"$2,837.00","$2,837.00",Four Seasons Preferred Partner
Intercontinental Le Moana Bora Bora,2026-09-27,2026-09-28,N/A,N/A,N/A
Intercontinental Bora Thalasso,2026-09-27,2026-09-28,N/A,N/A,N/A
The St Regis Bora Bora Resort,2026-09-27,2026-09-28,N/A,N/A,N/A
Conrad Bora Bora Nui Resort And Spa,2026-09-27,2026-09-28,"$1,861.00","$1,861.00",Hilton Impresario
Le Bora Bora,2026-09-27,2026-09-28,"$3,058.00","$3,058.00",Preferred Partner
The Westin Bora Bora Resort And Spa,2026-09-27,2026-09-28,"$2,535.00","$2,535.00",Marriott Luminous
Four Seasons Resort Bora Bora,2026-09-27,2026-09-28,"$3,809.00","$3,809.00",Four Seasons Preferred Partner
Intercontinental Bora Thalasso,2026-09-28,2026-09-29,N/A,N/A,N/A
The St Regis Bora Bora Resort,2026-09-28,2026-09-29,N/A,N/A,N/A
Intercontinental Le Moana Bora Bora,2026-09-28,2026-09-29,"$1,231.00","$1,231.00",Preferred Partner
Conrad Bora Bora Nui Resort And Spa,2026-09-28,2026-09-29,"$1,861.00","$1,861.00",Hilton Impresario
The Westin Bora Bora Resort And Spa,2026-09-28,2026-09-29,N/A,N/A,N/A
Le Bora Bora,2026-09-28,2026-09-29,"$3,332.00","$3,332.00",Preferred Partner
Four Seasons Resort Bora Bora,2026-09-28,2026-09-29,N/A,N/A,N/A
Intercontinental Le Moana Bora Bora,2026-09-29,2026-09-30,N/A,N/A,N/A
Intercontinental Bora Thalasso,2026-09-29,2026-09-30,N/A,N/A,N/A
The St Regis Bora Bora Resort,2026-09-29,2026-09-30,N/A,N/A,N/A
Conrad Bora Bora Nui Resort And Spa,2026-09-29,2026-09-30,"$1,861.00","$1,861.00",Hilton Impresario
Le Bora Bora,2026-09-29,2026-09-30,"$2,228.00","$2,228.00",Preferred Partner
The Westin Bora Bora Resort And Spa,2026-09-29,2026-09-30,"$2,540.00","$2,540.00",Marriott Luminous
Four Seasons Resort Bora Bora,2026-09-29,2026-09-30,"$3,809.00","$3,809.00",Four Seasons Preferred Partner
Intercontinental Bora Thalasso,2026-09-30,2026-10-01,N/A,N/A,N/A
Intercontinental Le Moana Bora Bora,2026-09-30,2026-10-01,$834.00,$834.00,Preferred Partner
Conrad Bora Bora Nui Resort And Spa,2026-09-30,2026-10-01,"$1,958.00","$1,958.00",Hilton Impresario
Le Bora Bora,2026-09-30,2026-10-01,"$2,490.00","$2,490.00",Preferred Partner
The Westin Bora Bora Resort And Spa,2026-09-30,2026-10-01,"$2,664.00","$2,664.00",Marriott Luminous
The St Regis Bora Bora Resort,2026-09-30,2026-10-01,"$2,865.00","$2,865.00",Marriott STARS
Four Seasons Resort Bora Bora,2026-09-30,2026-10-01,"$3,809.00","$3,809.00",Four Seasons Preferred Partner
